"GeoFips","GeoName","2005:Q1","2005:Q2","2005:Q3","2005:Q4","2006:Q1","2006:Q2","2006:Q3","2006:Q4","2007:Q1","2007:Q2","2007:Q3","2007:Q4","2008:Q1","2008:Q2","2008:Q3","2008:Q4","2009:Q1","2009:Q2","2009:Q3","2009:Q4","2010:Q1","2010:Q2","2010:Q3","2010:Q4","2011:Q1","2011:Q2","2011:Q3","2011:Q4","2012:Q1","2012:Q2","2012:Q3","2012:Q4","2013:Q1","2013:Q2","2013:Q3","2013:Q4","2014:Q1","2014:Q2","2014:Q3","2014:Q4","2015:Q1","2015:Q2","2015:Q3","2015:Q4","2016:Q1","2016:Q2","2016:Q3","2016:Q4","2017:Q1","2017:Q2","2017:Q3","2017:Q4","2018:Q1","2018:Q2","2018:Q3","2018:Q4","2019:Q1","2019:Q2","2019:Q3","2019:Q4"
"01000","Alabama",179355.5,181373.0,181292.6,183522.6,183884.5,185071.6,185017.6,185211.9,184001.5,185320.9,186728.3,187424.6,186680.6,187756.0,186204.6,180550.5,177770.1,177663.0,178037.4,178615.2,178634.2,181222.3,184707.6,184486.8,183263.0,184220.4,185059.8,187676.1,187324.9,187603.0,185326.5,184941.5,188940.5,187987.0,188990.7,186742.3,184274.5,186770.5,188058.3,188292.7,187605.0,189727.6,190535.1,189488.8,189832.9,191008.8,190751.8,191218.7,191910.7,191899.3,192940.6,195345.0,196462.2,197698.7,199129.0,200453.8,201554.6,202432.7,203289.5,204484.3
"02000","Alaska",44760.5,45182.9,44829.0,45434.0,46682.9,48226.1,48812.8,50346.4,50707.8,51595.1,51499.7,50653.6,49447.9,48445.0,50485.3,55157.7,57196.3,56594.2,55128.7,54431.4,53116.3,54392.8,54710.3,54386.2,52798.7,53990.6,54697.9,57095.7,57042.6,58585.4,58119.2,56933.4,56263.1,54278.0,54544.0,53915.0,52932.8,53081.2,53305.9,53772.0,54326.2,53768.7,53634.9,53464.8,53531.7,52761.0,52314.6,52235.5,52406.2,52588.0,53177.0,52738.3,52638.9,52825.5,53289.1,53616.0,53856.2,54402.3,54727.1,54786.0
"04000","Arizona",255921.4,261073.7,267038.7,268210.0,274037.7,274942.9,278323.4,281849.0,282009.3,284354.6,287204.7,286059.6,283848.7,281718.6,277411.4,266929.6,258558.1,254185.1,252110.1,255469.6,252569.2,256478.2,259119.9,261771.6,260711.7,261668.8,262565.0,267899.0,267973.2,269036.3,267840.2,268305.6,269504.0,269291.8,270114.7,271685.2,271834.6,272939.5,274973.8,274960.6,277961.2,280165.1,279772.0,283019.8,284338.7,288306.4,291788.7,292487.9,295470.3,296693.1,301834.2,303625.1,307712.1,309716.9,313807.9,315585.6,318103.5,320415.8,322292.9,324915.4
"05000","Arkansas",103203.5,103855.9,104669.7,106884.1,106395.5,107870.8,107027.0,106466.6,104012.0,104804.5,105157.4,110647.4,105342.5,107095.3,106312.9,104413.4,104374.7,100814.3,101822.9,103100.7,102390.4,105671.3,107690.6,107937.6,107680.5,107986.7,108225.1,109289.4,109885.7,109333.7,108271.8,107489.4,111764.7,111518.5,112248.3,111584.1,111782.6,112689.9,113228.7,114027.1,112721.8,113533.7,114586.3,114601.9,114283.1,114751.7,114285.6,114844.3,115234.6,115324.7,114851.7,115975.9,116256.2,117337.1,117606.1,117975.7,118447.2,118975.1,119815.6,120535.7
"06000","California",1959066.5,1976140.0,2004193.3,2021163.3,2069332.5,2061917.5,2072917.1,2084540.9,2076506.4,2090690.9,2107585.8,2139689.7,2104242.5,2143260.1,2136132.5,2060916.7,2051876.7,2021683.6,2012391.0,2019996.4,2039956.4,2046441.8,2051596.0,2094557.2,2087613.5,2093296.2,2086044.5,2099389.7,2128351.3,2131485.9,2143333.6,2174818.2,2175979.6,2196899.0,2228019.2,2282572.8,2264782.4,2294764.7,2340202.2,2350411.0,2396326.0,2437555.5,2439686.8,2440825.2,2478530.1,2484499.7,2510596.8,2530175.1,2557629.3,2592698.4,2624367.1,2668034.2,2681388.1,2720177.3,2732524.9,2752513.7,2771273.1,2784467.2,2798677.2,2813699.0
"08000","Colorado",249467.8,250972.5,252697.5,250220.8,255571.0,254130.1,257421.7,257374.5,258827.4,262964.8,265471.8,271044.1,267228.7,269341.2,268907.9,265375.0,264524.2,260203.4,262000.8,262790.9,261501.9,262484.5,265239.9,269938.0,267042.9,267947.6,268472.0,271260.6,272093.8,273699.9,273020.4,275264.0,279927.2,280218.7,283450.4,286539.2,288895.0,292794.7,297534.6,303570.0,306561.9,307933.6,310146.3,312076.7,311142.0,314133.1,319164.0,322568.0,323960.3,326787.8,332138.4,335408.4,336142.0,340405.5,342943.1,344816.3,349449.0,351997.1,354299.5,356560.8
"09000","Connecticut",240783.5,242272.3,241897.2,244988.5,252521.0,250059.3,250320.2,253424.8,261497.3,261637.9,261931.5,259449.5,269107.3,264446.7,258799.5,246534.1,249626.4,247277.6,246976.2,248282.3,246399.1,248399.9,248613.8,246430.2,240608.1,243211.1,241503.8,242755.2,243311.8,243959.9,243591.0,244341.2,242242.4,240876.3,241590.1,239615.9,234748.2,236842.8,238664.7,240881.3,242317.1,243767.8,242602.7,242955.3,243344.7,243454.6,242174.2,242202.0,241700.2,244427.9,244414.8,244187.3,244658.1,243649.8,246431.1,244964.0,247584.7,248173.3,249471.6,250045.1
"10000","Delaware",59167.0,57875.9,57893.6,64957.5,61390.7,62194.5,61658.9,60743.0,61186.2,62708.3,61036.9,60009.2,59254.4,59260.6,58808.1,57302.4,60271.7,60911.2,60949.2,59484.7,60412.6,59264.3,59861.3,60526.1,61255.3,61755.4,62498.6,62560.1,63422.4,62552.0,61751.6,60177.1,58869.3,58411.2,58551.2,60796.8,61282.3,63203.3,64485.6,65026.7,66038.2,67344.4,65301.7,64820.0,63003.4,63279.8,62991.3,63160.5,63433.8,62304.6,62949.7,62272.2,62374.5,62472.7,63317.3,62894.5,62978.8,63260.6,63260.0,63621.5
"11000","District of Columbia",99815.7,100085.8,100021.1,99896.0,100122.0,99912.7,101192.5,99741.3,101292.3,101644.4,104538.5,104350.7,106495.7,106608.3,107143.5,106739.7,105562.8,106663.0,106257.6,106921.9,108312.4,110134.3,110255.4,111154.2,111370.3,111986.9,112280.0,112396.0,112328.4,113147.6,112950.7,112519.1,112898.4,112266.7,112189.4,113357.0,114063.1,114464.7,115232.1,115882.0,116879.2,117764.2,117131.6,117178.8,119227.5,119635.7,119253.7,120152.5,120128.8,120110.1,122352.1,121454.0,123158.5,123322.0,124728.4,124717.7,125066.8,125722.9,126168.3,126783.9
"12000","Florida",793185.8,799832.4,816814.9,815521.3,830312.7,832427.0,833259.7,841384.1,833104.3,835156.2,839745.1,835462.9,820498.6,815069.0,802454.9,774848.9,763424.0,755566.5,752552.1,761513.7,756728.2,764461.8,770716.8,772890.1,760838.6,767269.8,760636.3,766238.7,768639.4,766435.8,772377.0,769784.2,779659.6,779318.9,785557.5,791824.3,791516.7,801526.1,810370.3,817699.0,824013.8,836876.2,843978.0,851629.3,851347.2,862529.6,873844.1,879203.0,887055.2,891391.2,897512.2,908509.5,916712.7,920208.6,930598.2,931973.7,942840.3,947560.9,953208.6,959426.6
"13000","Georgia",442264.9,444204.0,445346.6,450317.5,448496.7,448768.1,450783.9,454287.9,447229.5,451114.8,455120.9,458780.3,448176.9,449875.0,445630.3,429981.9,425506.8,426151.4,425666.1,427731.1,428260.3,430237.4,434303.6,439307.8,438610.9,438172.0,439594.4,443184.7,443624.2,444628.3,444772.6,443503.8,449590.2,448843.0,450568.8,454085.4,457936.2,464431.2,468970.9,471245.5,475247.8,481581.0,483699.7,485774.2,493176.8,495953.2,499574.0,504363.1,512198.9,513340.9,517368.6,523467.0,522994.9,526149.8,532652.1,534198.9,536155.3,537596.8,540603.1,543789.9
"15000","Hawaii",67652.1,68161.8,68782.7,69665.4,69781.8,70321.3,70803.9,70704.4,70349.6,70571.9,71599.5,72245.7,72143.0,72651.3,71737.1,70225.8,69278.1,69135.3,68775.4,69190.4,69998.0,70487.7,71564.0,71976.2,71850.8,71800.2,71682.6,72987.2,73204.9,73704.1,73907.2,73514.6,74667.2,74012.1,74138.7,74292.2,73796.0,74306.5,74924.3,75090.4,76163.2,77031.7,77511.7,78034.9,78476.4,78760.2,78984.7,79399.3,80432.0,80274.0,80850.0,81307.1,81835.6,82689.9,82854.0,83228.1,83268.6,83372.7,83460.3,83936.0
"16000","Idaho",54275.9,55116.3,56129.5,56026.6,57432.0,58100.5,57054.6,57771.2,58073.6,58303.8,58707.7,59727.2,59563.3,60453.4,60178.9,58620.1,57799.6,56605.5,57076.0,56869.1,57590.9,57605.2,58070.3,58360.3,57448.0,57706.5,57641.0,58391.4,57706.7,57810.6,58039.7,57500.4,58825.2,59652.4,60082.2,60762.6,60555.7,61023.9,61704.7,62293.7,63091.0,62924.6,63282.8,63091.6,64585.2,65355.3,66164.8,66036.2,66542.8,67671.0,68190.2,68868.6,69613.3,70211.4,70707.3,71469.5,71846.4,72265.7,72705.6,73159.9
"17000","Illinois",683764.9,683702.1,688056.0,688063.8,702154.1,703765.0,703594.1,708464.8,708900.0,711825.9,712375.4,717737.8,703921.9,706745.3,703633.4,683417.6,678003.5,680027.7,682823.0,691008.1,684395.4,692140.4,700628.3,702680.3,701980.0,706595.9,705404.0,714258.0,722662.1,723751.7,720290.5,716105.0,725039.9,721915.6,723289.8,728220.1,724273.3,734160.1,740052.5,741656.3,739417.5,743737.3,748666.9,746249.6,743842.8,746937.6,745427.0,752464.5,747999.6,750532.1,756711.6,759308.5,765063.9,766486.1,773851.8,773800.6,778055.2,780258.8,783066.9,786695.2
"18000","Indiana",282825.8,285195.7,286887.7,287058.4,289640.1,290560.3,291483.4,293392.7,293152.8,298239.2,301213.6,305086.1,303721.0,303946.7,298117.0,287270.3,274412.1,273896.1,276416.5,285170.9,289133.7,294630.8,298179.3,298589.1,295543.5,295991.3,295381.4,298971.9,298803.7,299367.3,297844.0,294195.9,304699.2,301590.5,304537.0,304851.2,309204.4,314515.8,316549.1,314692.8,311120.9,312855.4,311053.5,311372.9,311623.0,315659.4,318566.6,320694.4,321288.6,321536.3,322278.7,325878.8,328059.9,328477.5,330262.8,330395.1,330246.9,331073.8,332952.0,333889.5
"19000","Iowa",143221.1,144038.1,145072.6,143173.3,144900.5,146074.0,145302.4,147271.9,150041.8,152696.1,152724.7,153542.1,152670.3,151606.3,148226.4,144024.5,142359.3,143890.9,146541.5,149681.3,147545.5,149642.9,150282.5,150671.6,149762.3,149492.0,150452.9,155284.5,157011.8,159255.2,157926.7,154809.5,156532.3,155257.9,156860.8,157895.5,159715.6,165563.0,167566.6,167507.1,168383.9,168918.6,170004.9,170192.6,168467.7,167967.0,169709.0,169362.0,169019.4,168668.6,167523.3,168526.9,170756.4,172525.2,172949.6,172056.7,172926.5,173400.0,173942.7,174484.5
"20000","Kansas",121598.3,122315.9,123365.4,121751.6,127889.1,129176.5,128600.1,129931.2,134050.9,135228.6,135786.2,137603.0,139567.2,141077.5,139332.7,134654.3,132716.2,132496.1,133009.0,134885.7,131533.2,133955.0,136457.3,137832.7,136677.9,139160.9,138821.3,139590.4,145311.0,142340.4,137292.9,136966.8,138915.4,139989.9,140409.5,142707.5,139182.2,142357.7,145479.6,146682.0,143797.1,146012.4,147047.7,147835.3,147565.1,149572.9,150946.7,151626.9,151765.8,151251.2,151247.5,151598.3,153418.5,154589.7,155217.5,155105.1,154682.3,155515.6,156376.9,157202.4
"21000","Kentucky",165875.4,168425.9,170058.6,170860.7,173060.0,174099.7,173393.1,172793.6,170130.5,171246.3,171697.8,174402.8,174039.0,175553.1,171782.0,167229.2,164664.0,163115.8,164385.0,167894.9,167219.4,171638.5,174627.7,174693.3,172092.4,173176.7,173758.0,177517.1,176814.9,177328.1,176364.5,174701.8,180559.9,178872.8,179355.2,178771.9,178473.1,180514.0,180717.5,180252.5,179806.4,181902.8,181690.0,181893.4,180182.4,182305.9,183946.6,184039.5,183808.3,183804.1,184522.2,186029.0,185815.5,187036.0,187660.8,188349.9,188393.5,188863.3,189569.4,190636.1
"22000","Louisiana",245844.9,248686.6,244213.3,243347.6,244425.1,243788.1,242432.8,242683.6,235740.1,234265.3,234020.2,234455.8,232632.4,235256.4,235659.3,237556.7,238117.7,236700.9,238628.2,241217.7,245758.3,248721.9,250007.7,244915.8,236770.1,233744.3,230997.9,234738.7,237007.0,237601.7,231411.5,228472.2,228565.2,225734.0,226019.5,226145.0,227012.4,233373.9,236561.5,237755.6,235206.3,232894.0,231975.9,229754.1,228600.1,228515.2,227634.3,228260.5,230363.4,230724.7,231602.2,232802.0,235760.6,237027.9,238006.4,238693.8,238690.2,239695.8,241432.8,242082.4
"23000","Maine",53293.3,53439.3,53605.0,54112.3,54166.1,54511.0,54191.4,54212.4,53566.4,54083.6,54165.7,54190.0,54248.5,54415.7,54131.7,52888.0,52387.1,52812.7,53336.3,53718.2,53543.6,53854.7,54148.0,53558.4,53095.1,52902.7,52750.1,53603.1,53212.4,53485.5,52886.8,51911.1,52743.4,52163.4,52360.9,52752.3,52729.7,53252.8,53621.0,54068.5,53140.3,53784.7,53816.0,54381.0,54213.5,55097.8,55015.4,55557.2,55775.4,55809.9,56380.4,56791.7,56971.5,57431.8,57827.6,57570.9,58243.5,58326.3,58632.3,58911.3
"24000","Maryland",300352.8,303643.5,309318.4,310658.6,310558.2,310764.1,312219.9,313178.6,310325.7,312921.3,311415.7,313710.7,316002.6,317997.7,316377.4,313057.8,310496.9,313327.4,315826.2,319800.7,322781.7,325890.7,327765.9,332500.0,330815.0,334465.8,335168.8,336776.8,337329.0,334085.7,336014.0,331857.8,335957.6,333615.6,334598.6,335584.1,334683.4,339118.9,341545.5,339588.2,343150.0,343644.5,345798.8,348327.6,352090.7,356416.9,358592.4,360170.4,357968.9,358294.1,360190.9,363666.6,365940.2,369137.1,369751.7,370611.8,372262.4,373690.1,374654.2,376935.8
"25000","Massachusetts",387783.1,388621.4,392885.7,393878.9,395640.7,397196.0,395712.8,402421.0,401854.8,405317.3,409763.6,414959.7,414468.6,417896.7,412762.7,405273.9,404935.2,405823.7,408819.3,412669.1,416511.0,422452.1,428999.9,430362.2,425107.7,439253.1,433302.3,441231.0,441715.3,445298.4,446381.3,443924.1,443178.1,442622.1,446197.1,447466.0,444385.7,449618.6,457432.8,464099.8,466227.6,471877.2,471149.9,475286.4,473462.3,477834.0,482765.3,481782.6,484000.9,488634.2,493803.1,496921.1,500791.6,505668.9,508175.2,509655.4,515184.2,517128.5,519917.7,522644.1
"26000","Michigan",451129.4,452208.8,449399.7,450245.7,444060.5,445310.6,443335.5,440526.8,443890.1,442953.1,442588.0,435162.7,426851.7,423965.4,414066.0,401924.2,376038.1,378263.7,379402.2,386660.7,386620.8,399836.8,409225.2,408082.9,408658.6,407654.0,409000.7,420549.5,418571.8,419046.3,419577.6,418233.9,423800.6,422724.1,424975.5,425779.3,423980.1,431560.3,435240.9,435262.5,437651.1,442409.0,444590.1,445276.9,445963.5,452904.5,453169.7,457037.4,456396.1,457873.4,458999.3,463247.5,468059.3,470249.8,472547.8,471260.0,471390.6,472734.3,474300.7,477012.6
"27000","Minnesota",279679.3,280474.9,285443.1,282778.8,282967.1,284729.6,280167.8,280016.7,279355.3,283804.3,283604.9,286081.5,286912.8,287059.0,289560.5,279636.4,274172.6,273867.3,274579.3,279193.2,278135.3,282224.4,286268.3,292827.8,287665.7,292671.1,290082.9,292101.9,294313.5,294024.8,294904.5,293943.5,296730.5,298433.1,303299.1,304069.6,304021.1,309053.3,312696.0,311186.3,312927.6,311768.0,312924.1,314725.2,313764.2,316684.7,322574.8,323496.0,325431.4,324826.5,323894.9,327138.0,329301.1,333190.0,336527.0,336660.1,336350.8,338002.6,339646.4,341009.2
"28000","Mississippi",94015.6,94198.2,94831.5,97866.7,96356.4,97919.0,98000.5,98717.2,98527.4,98759.8,100760.3,102768.7,104135.4,105977.5,104861.2,102570.6,100448.4,99711.4,98946.3,98745.9,99378.2,100234.1,100435.0,99887.1,98484.3,98502.7,98369.6,99554.3,101053.1,100480.7,99283.7,97640.8,100155.9,98611.2,100668.9,99053.8,98883.8,100779.0,100334.7,100475.6,99674.5,100410.1,100609.2,100276.3,100986.5,100596.3,100251.7,100791.6,101485.8,100995.8,101435.8,102145.3,102013.5,103083.5,103125.6,103126.9,103393.9,103980.6,104458.7,105003.6
"29000","Missouri",259372.6,261193.1,262210.8,263343.9,262985.2,264967.3,262468.0,262512.2,259397.5,263855.1,265773.3,268502.0,267919.2,273012.4,268586.7,272915.0,264410.8,264128.0,265875.4,266826.0,269137.4,269846.8,270363.9,269592.0,265597.9,266488.6,266164.5,268652.3,270102.2,269516.0,267801.1,267626.8,272759.9,271598.1,271750.6,271499.8,268025.6,271993.1,275430.0,277233.5,276346.2,277703.2,277885.7,274866.4,275837.7,275231.3,274717.2,276215.6,275001.8,277554.4,279104.1,281107.3,281771.6,285326.2,286267.8,286330.7,288694.6,290121.0,291857.0,293152.2
"30000","Montana",36793.7,36734.3,37088.4,37692.0,37679.5,38183.1,38721.7,39140.6,39952.9,40416.4,40412.4,40733.7,40590.9,40407.5,40141.9,39505.9,39469.7,39085.5,39543.8,39250.8,40288.2,40416.2,40601.2,40869.9,41125.1,41258.0,41273.4,42235.9,42178.8,41863.6,42014.2,41966.6,42441.3,42360.2,42446.7,42487.0,42414.6,43050.3,43453.2,43776.5,44947.3,45107.0,45097.8,44333.7,44450.4,43862.5,44045.2,44703.6,44638.4,45146.2,45176.0,45156.4,45654.1,46073.8,46333.6,46817.3,46764.2,47055.1,47322.6,47580.9
"31000","Nebraska",87302.1,88181.6,89362.7,90729.4,90056.3,93161.0,90957.0,91374.4,92973.0,93022.0,92895.3,94659.8,94060.8,95527.3,94220.7,90468.2,93341.6,92877.8,94121.6,95858.9,95703.7,97958.1,98652.6,99112.3,101906.3,101894.3,101336.6,104193.6,101677.9,102985.7,101894.7,102517.7,105500.6,105032.1,105228.0,104392.2,106201.4,107359.8,107162.5,107941.1,109112.2,110585.9,110898.4,110706.4,109610.3,110245.7,110998.3,112393.8,111970.5,113440.3,113536.6,113494.3,115025.4,114272.7,113381.0,114000.8,113870.2,114543.2,115183.7,115911.7
"32000","Nevada",136678.4,140495.9,140207.7,141397.4,144320.4,146119.5,145000.0,145397.6,144277.8,143494.0,143901.9,145945.4,142225.5,140010.7,138875.2,134341.9,129916.6,127142.8,125790.8,126119.3,126407.6,128461.2,130031.7,130408.3,128949.8,130954.6,129571.2,129458.4,129196.6,128408.4,127871.8,126695.0,128402.9,127290.5,127988.1,129409.1,128922.5,129198.4,130112.1,131766.7,132657.6,135291.4,136336.1,137431.7,137452.6,137782.8,141683.0,140263.7,142228.3,142858.3,145171.7,144675.1,147678.5,148870.7,150215.3,152355.0,152735.5,153710.7,154582.0,155529.5
"33000","New Hampshire",63867.3,64350.5,64713.7,64494.1,65186.8,65114.1,65679.0,67799.9,65246.9,66520.1,65409.1,65615.4,65817.9,65576.8,65139.9,63532.6,63522.1,63553.5,65289.6,65433.2,65121.7,66845.5,66931.0,66867.8,65923.3,66968.8,66615.9,67852.3,67025.7,67300.4,67841.7,68588.9,68834.1,68607.5,68845.9,68913.2,68227.2,69551.0,69460.5,70940.1,69950.2,71594.4,71547.4,72952.7,72275.4,72893.9,73271.5,72821.7,73342.9,73535.0,74969.4,74628.1,75555.6,75776.5,76214.0,75786.5,77367.1,77629.8,78057.9,78436.4
"34000","New Jersey",509686.4,511460.0,516174.8,516673.5,520380.4,526500.5,523328.6,526015.2,520567.3,526589.3,526516.9,533584.1,539234.8,538725.4,534066.6,520188.2,510431.3,507239.9,511419.8,515507.4,517412.8,515796.5,517944.9,515203.1,506349.8,510230.8,509729.8,517403.7,521666.5,519517.3,522842.7,514956.9,527213.2,521725.9,521301.2,523096.4,520956.0,525132.6,527863.2,528962.2,533330.8,536152.3,536902.4,534811.3,539949.5,538805.6,540764.0,540251.9,539277.3,542817.8,546329.2,545696.0,552188.9,554721.6,557687.9,558422.0,561363.0,562347.5,565530.0,566557.6
"35000","New Mexico",83864.1,84258.6,83576.5,83600.8,85724.2,85774.4,85702.5,86361.5,85867.8,86621.3,87242.0,86313.2,84850.1,85001.4,85599.8,88455.8,88324.4,87277.5,87538.7,87529.1,86334.3,86317.2,86703.8,88661.4,85516.4,86939.1,87403.8,88806.0,87998.2,88893.9,87400.4,86113.6,86510.5,86222.0,86188.1,87103.2,86828.2,88328.9,89977.7,91966.2,91303.8,90984.0,91246.5,91269.1,91210.7,91471.6,91148.7,91242.1,90843.4,90979.1,91700.4,91851.6,92004.7,93239.1,94205.5,94969.2,95932.8,96903.0,97527.2,98004.9
"36000","New York",1152497.2,1164319.6,1177323.4,1190063.7,1208209.7,1198950.8,1190250.9,1202204.0,1239201.0,1199565.8,1192113.9,1180022.3,1192548.5,1176791.1,1179509.3,1153034.5,1172298.1,1224962.3,1239974.0,1255683.3,1270161.4,1287498.2,1267427.7,1252858.8,1277405.3,1263523.0,1259540.0,1276511.1,1297996.2,1318413.2,1330304.8,1343077.7,1308394.0,1314834.1,1320541.2,1333424.8,1329512.8,1341553.6,1357303.6,1368702.6,1366420.5,1382677.1,1381328.3,1358225.2,1391170.4,1394731.0,1383988.0,1388833.2,1416664.2,1409237.8,1417256.2,1432609.8,1428720.5,1437036.0,1443137.3,1433650.9,1454849.6,1460849.2,1462686.7,1467849.3
"37000","North Carolina",403897.7,404442.8,408692.4,412932.6,429257.0,432549.3,432221.7,436327.4,437559.7,434785.1,434127.6,439276.2,448607.3,452097.3,449267.6,437708.8,418774.9,423646.3,429705.0,436305.0,429355.8,431558.9,433123.1,439579.3,437496.2,442904.9,437318.0,438634.6,443738.3,438380.6,439700.3,436464.7,441701.0,442695.3,447927.3,449122.1,452114.1,452786.1,456981.0,458303.5,467499.7,470756.3,470636.9,469022.2,472980.8,472680.8,475481.5,480212.9,482586.2,483343.1,485699.2,490365.9,491603.4,497554.6,499047.3,501119.8,505181.1,507133.6,509607.7,512578.2
"38000","North Dakota",28966.3,29103.9,29076.7,29280.1,29708.5,30387.3,30282.0,30668.2,30835.5,31346.9,31841.2,32646.6,33493.9,33985.2,34616.5,34522.9,34994.3,34635.6,35318.3,35224.4,36167.6,37462.4,38178.2,38977.7,39171.3,40588.5,42204.3,45805.2,48490.9,51617.2,52563.2,52709.2,51396.6,51933.4,53124.4,53669.0,54405.7,56209.7,57264.1,58212.3,57170.9,54906.5,54101.2,53427.7,51973.8,50756.6,50857.6,50557.3,50449.6,51382.7,50999.4,51227.3,51705.5,52742.0,53512.0,53532.5,53822.5,54069.5,54222.3,54283.9
"39000","Ohio",539054.9,542597.1,546787.8,546539.1,541979.8,542732.0,541033.5,538972.9,540309.5,540065.8,542097.2,543172.2,544687.4,548006.8,539860.8,516243.8,514426.0,506289.4,506322.9,509824.4,511709.8,517918.0,525378.3,529372.7,531411.1,535743.0,539447.4,548211.8,540658.6,542998.1,541594.4,538026.1,547636.8,546969.6,551596.9,556996.8,558890.1,569774.3,578470.4,580511.4,578297.0,580942.6,579402.6,583014.2,579385.8,584277.7,587175.8,589516.3,590154.7,593026.4,596350.9,597728.8,599696.4,603655.5,609506.3,608720.0,612264.6,614178.9,616743.2,619214.2
"40000","Oklahoma",142152.4,143785.5,143898.7,142453.5,157797.2,152020.3,150401.7,150416.7,152084.7,154576.5,157563.5,157634.3,157377.8,160538.3,161126.7,166403.0,161980.5,158879.8,159528.5,156553.8,156125.7,159446.9,160642.1,160691.2,159088.8,163350.7,167155.4,171017.2,172504.2,173927.7,172876.1,174627.0,176670.6,176230.6,176757.6,180747.6,180721.2,184950.5,190941.6,194343.1,196699.7,193671.6,196962.4,196274.8,192688.7,190662.8,189127.0,187960.5,189410.4,192224.7,192187.6,192354.1,194788.7,196127.1,196680.2,198502.4,199759.8,201099.4,202058.6,202338.1
"41000","Oregon",156814.0,157084.6,158999.2,160953.5,166206.2,166619.2,168538.1,170285.4,167572.3,169649.0,172518.2,174714.5,174360.8,175752.6,175375.8,170331.1,168639.9,166215.6,166173.6,165583.6,169374.0,167834.5,169143.9,169710.8,173182.7,173741.4,172641.0,175967.4,175969.3,175518.3,174841.9,171643.1,174056.8,174615.4,176385.1,178163.0,177550.3,180826.9,183871.1,185195.8,189019.3,190761.8,193814.5,194400.5,199115.4,200375.0,200790.6,203511.8,205192.8,207683.8,209216.4,212410.1,213964.1,215435.5,217696.1,219150.3,220712.6,221829.1,222822.3,224173.4
"42000","Pennsylvania",581956.0,585549.2,591428.5,593285.7,586000.1,590270.9,594567.0,597283.2,601967.8,605937.4,615652.2,624512.8,623721.6,633110.0,626419.4,612034.3,600995.9,600238.8,602952.9,617799.4,611240.6,619582.3,627804.4,631239.3,621791.7,629795.7,633174.8,640725.1,640196.5,642742.9,643881.8,638448.0,647011.8,650150.1,651905.4,656208.4,654968.5,663980.5,671847.4,675181.3,678311.6,680678.5,681492.1,684456.1,685804.4,688508.1,693174.3,691890.8,688008.8,690333.8,697147.4,699212.5,703374.6,710730.2,716278.8,716905.1,722835.0,725884.6,729745.6,733606.8
"44000","Rhode Island",51620.0,52320.5,52330.7,52993.9,52546.5,53723.4,54319.1,53483.8,53214.3,52240.6,51815.3,51079.4,51019.5,50602.7,50180.5,49985.8,49349.4,49970.2,50544.5,50990.3,50886.1,51409.5,51791.2,51783.0,50435.8,51728.6,51356.5,51555.4,51706.5,51770.0,51705.1,51386.4,52368.3,51867.1,52075.8,52027.2,51960.7,51908.6,51980.3,52687.1,52766.5,53245.1,52884.1,53490.4,52617.5,53098.2,53288.0,53359.2,52546.1,52930.4,53124.9,53356.0,53383.5,53723.5,53312.5,54080.0,54711.6,54911.3,55133.6,55433.7
"45000","South Carolina",165213.0,166163.5,166976.4,167942.9,169871.6,170060.8,169970.0,171453.6,171474.9,174204.5,176467.8,178213.2,175722.1,177219.0,175588.5,169807.5,166975.9,165752.2,166271.2,168399.4,168047.5,169871.8,170903.5,171843.1,172503.6,174906.4,173842.2,175259.4,176573.8,175512.4,175230.7,174182.6,178128.2,177173.5,179958.3,180501.7,180573.6,184076.9,184752.2,184844.7,187145.1,188947.3,191480.1,192026.6,192823.1,194705.1,196016.9,198293.5,200292.6,201189.0,202138.4,203870.2,204382.8,206270.0,208104.7,210053.0,211884.5,212838.3,213872.3,215209.7
"46000","South Dakota",35923.1,35685.8,35935.6,36084.6,36285.6,36624.9,36543.4,36382.2,37975.1,38211.7,37826.2,38216.6,40618.1,40155.3,39663.5,38135.8,39514.7,39671.0,40077.2,39664.6,39251.1,39530.3,40674.6,41063.3,41689.1,42352.8,42555.5,44576.5,44320.4,44080.8,41747.9,43629.4,43558.2,43678.5,43642.9,43529.1,44422.7,44512.0,44045.2,43632.2,44621.4,45037.4,45489.4,46622.2,44813.0,45356.3,46309.8,46262.8,46149.3,45742.7,45550.3,45033.4,46198.2,46318.7,46747.8,46697.3,46514.2,46706.9,46915.2,47105.2
"47000","Tennessee",261777.8,262708.8,266316.9,267805.3,269900.3,272447.5,270966.7,272543.7,265193.8,266975.8,269050.7,273802.3,273012.6,274597.7,274210.1,266224.7,263732.1,262232.0,261584.8,264513.2,265324.1,265890.0,266717.9,268976.6,270173.2,273705.8,275663.5,279671.8,282040.8,285153.9,283495.3,284197.0,288112.1,285159.5,286491.3,287442.5,288254.2,291364.5,293122.6,294009.1,297505.8,301813.5,303532.8,303496.8,305086.8,306611.9,308941.2,311486.4,311661.4,311996.7,313785.9,317905.0,318809.8,322992.1,326922.6,325975.1,328595.3,329670.3,331633.5,333308.7
"48000","Texas",1130715.4,1126781.7,1130822.7,1142864.7,1185235.2,1201746.0,1214756.8,1239409.1,1248291.1,1275827.1,1281867.1,1291224.7,1272850.5,1269507.2,1270489.7,1290246.9,1276379.3,1262774.5,1268114.9,1278474.5,1290260.7,1295467.6,1306409.1,1314769.5,1322539.6,1338954.9,1342630.8,1371038.5,1391082.0,1405166.2,1410953.6,1438313.1,1451944.6,1467209.8,1482286.6,1486973.1,1478223.1,1511384.5,1541484.9,1561136.3,1601084.9,1583217.0,1599202.7,1601943.1,1595242.7,1595614.8,1602912.7,1607270.5,1621887.0,1638658.4,1655672.3,1668839.5,1684726.0,1705457.8,1722114.8,1738757.5,1761259.1,1781681.3,1799059.0,1812110.0
"49000","Utah",106441.1,107672.4,109997.1,112471.8,115652.1,117641.8,119655.0,121933.3,121859.1,125025.4,125206.9,125899.4,123782.5,125043.1,124138.4,120969.1,121499.0,120669.8,120475.0,120522.7,121987.4,121807.6,123643.2,125882.1,125887.5,127284.3,127126.5,127941.7,129135.1,128603.1,127972.3,129173.4,130913.4,131330.1,132836.3,132527.3,134405.4,135735.5,136420.3,137764.9,139940.5,141307.4,142097.9,143467.3,145094.0,146050.3,148324.0,150187.7,150474.1,151865.3,154379.6,155797.5,157159.7,158407.4,159487.0,160144.7,162884.3,164109.1,165421.2,166818.5
"50000","Vermont",26862.4,26757.2,26934.0,27084.2,27378.9,27210.1,27109.6,26830.9,26629.4,26756.4,26908.6,26911.8,27548.9,27560.2,27535.3,27104.6,26811.6,26722.4,27053.2,27399.2,27553.8,28047.5,28440.0,28402.8,28253.9,28659.0,28624.2,29396.3,28964.9,29271.6,28922.7,28390.2,28761.4,28590.3,28290.8,28352.1,28003.3,28295.9,28765.9,29022.0,28666.1,28869.2,29039.7,29050.9,29296.3,29309.4,29471.8,29374.2,29402.1,29283.3,29442.7,29498.3,29536.4,29777.2,29801.3,29886.2,30300.2,30400.2,30533.6,30704.9
"51000","Virginia",408116.2,413604.8,419224.1,419402.3,424899.6,423792.4,423351.9,422906.1,425068.4,425607.8,428612.7,428715.3,424609.1,427656.0,428236.1,422712.8,420075.7,424439.7,426496.3,431321.2,431519.5,437072.4,439483.5,440996.0,438031.2,440546.6,441508.1,446349.5,444616.2,445072.3,446064.8,444046.9,448936.5,445966.4,445785.8,445549.9,442462.4,445685.5,446890.7,448438.3,450261.5,455662.5,457732.0,456155.5,452231.9,455141.4,457453.3,461879.0,460873.2,463106.8,466147.0,469044.4,472475.4,475405.4,479769.9,480372.2,482731.9,484997.8,486891.7,489372.3
"53000","Washington",339462.3,342858.6,342176.5,348950.5,353388.7,354382.6,356731.1,362262.3,365115.4,375857.1,382928.7,388919.2,382374.9,384411.5,386872.5,375862.9,370456.5,371856.0,371976.4,376624.7,375516.5,381470.1,383394.2,384632.8,384539.3,386030.9,386257.7,394501.6,399534.8,401101.4,403650.2,399166.7,408574.7,408064.9,413934.0,413988.9,417723.7,421684.3,430882.2,432759.6,437910.5,443976.6,448299.2,447087.5,454687.8,455679.8,459890.6,468759.2,473286.8,480097.5,486726.7,494982.6,501491.3,509560.7,517035.2,518602.4,525027.9,529115.2,533111.1,537642.2
"54000","West Virginia",65018.0,66030.3,65497.2,65649.9,66220.2,66486.7,66424.2,66610.4,66029.5,66368.1,66807.7,66883.1,66702.0,67664.5,68113.5,69073.4,68770.8,67615.3,66747.9,67125.8,66597.9,67951.5,69806.7,69418.4,68232.4,69765.3,69910.4,70723.9,69934.0,70186.9,69074.5,68400.6,70116.3,70074.7,70074.7,70369.0,68874.4,69914.3,70216.2,70491.5,69939.3,69914.3,69700.4,69490.2,69615.4,68902.5,68678.9,68408.0,69879.2,69614.3,70040.5,70081.7,70052.4,71267.8,72315.3,72290.2,71890.4,72201.6,72289.7,72264.2
"55000","Wisconsin",260200.0,261519.1,264704.8,262219.3,265889.8,266232.5,266712.8,267050.3,267172.5,267492.2,268580.8,268498.7,266173.9,267552.4,265364.2,259437.8,253775.0,255607.1,257898.6,261289.6,260402.9,263230.7,266483.3,269247.7,267231.0,269464.0,271422.9,273372.0,275762.0,275574.5,273254.4,272784.9,275466.4,275116.7,276374.1,277801.1,276960.3,282538.7,283782.4,285034.3,285753.9,287214.6,287527.6,288161.2,288599.1,290183.9,292651.7,291566.1,292607.1,292985.1,296420.9,296615.4,299968.1,300728.4,302376.1,303418.3,304263.2,305093.9,306257.0,307883.7
"56000","Wyoming",32966.4,33646.0,32745.4,33125.3,35486.5,36948.1,38342.9,39329.1,39699.8,40207.1,40375.9,41056.7,41406.0,41629.3,42140.9,45354.0,44845.2,41718.6,40228.9,38748.8,39279.8,39834.4,40239.3,39851.9,39249.9,39332.1,39181.8,39818.3,39066.9,39060.5,37895.9,37703.5,38816.7,38294.7,38346.5,38557.7,38012.5,38429.5,38908.8,39519.5,40246.7,39283.1,39871.3,39490.7,39655.4,38081.2,37436.4,37038.7,37450.7,38308.8,38090.2,38138.7,37749.5,37911.0,38083.7,38415.9,38939.6,39341.7,39472.1,39472.9
"Legend / Footnotes:"
"Real GDP is in millions of chained 2012 dollars. Calculations are performed on unrounded data. Chained (2012) dollar series are calculated as the product of the chain-type quantity index and the 2012 current-dollar value of the corresponding series, divided by 100. Because the formula for the chain-type quantity indexes uses weights of more than one period, the corresponding chained-dollar estimates are usually not additive. For the All industry total and Government and government enterprises, the difference between the United States and sum-of-states reflects overseas activity, economic activity taking place outside the borders of the United States by the military and associated federal civilian support staff."
"Last updated: April 7, 2020-- new statistics for 2019:Q4."
